[{"date": "1994", "age": 21, "sport": "Alpine Skiing"}, {"date": "1994", "age": 18, "sport": "Alpine Skiing"}, {"date": "1982", "age": 23, "sport": "Alpine Skiing"}, {"date": "1994", "age": 29, "sport": "Alpine Skiing"}, {"date": "2002", "age": 28, "sport": "Alpine Skiing"}, {"date": "1994", "age": 23, "sport": "Alpine Skiing"}, {"date": "1966", "age": 23, "sport": "Alpine Skiing"}, {"date": "1970", "age": 24, "sport": "Alpine Skiing"}, {"date": "2006", "age": 22, "sport": "Alpine Skiing"}, {"date": "1966", "age": 20, "sport": "Alpine Skiing"}, {"date": "1986", "age": 21, "sport": "Alpine Skiing"}, {"date": "2010", "age": 28, "sport": "Alpine Skiing"}, {"date": "1994", "age": 20, "sport": "Alpine Skiing"}, {"date": "2014", "age": 36, "sport": "Alpine Skiing"}, {"date": "1974", "age": 32, "sport": "Alpine Skiing"}, {"date": "2014", "age": 22, "sport": "Alpine Skiing"}, {"date": "2014", "age": 28, "sport": "Alpine Skiing"}, {"date": "1990", "age": 24, "sport": "Alpine Skiing"}, {"date": "1954", "age": 19, "sport": "Alpine Skiing"}, {"date": "1966", "age": 25, "sport": "Alpine Skiing"}, {"date": "2002", "age": 27, "sport": "Alpine Skiing"}, {"date": "1958", "age": 25, "sport": "Alpine Skiing"}, {"date": "1998", "age": 27, "sport": "Alpine Skiing"}, {"date": "1978", "age": 24, "sport": "Alpine Skiing"}, {"date": "1994", "age": 21, "sport": "Alpine Skiing"}, {"date": "2014", "age": 24, "sport": "Alpine Skiing"}, {"date": "1990", "age": 21, "sport": "Alpine Skiing"}, {"date": "1978", "age": 22, "sport": "Alpine Skiing"}, {"date": "1994", "age": 28, "sport": "Alpine Skiing"}, {"date": "2010", "age": 28, "sport": "Alpine Skiing"}, {"date": "1994", "age": 25, "sport": "Alpine Skiing"}, {"date": "1978", "age": 21, "sport": "Alpine Skiing"}, {"date": "1990", "age": 25, "sport": "Alpine Skiing"}, {"date": "1994", "age": 26, "sport": "Alpine Skiing"}, {"date": "2006", "age": 21, "sport": "Alpine Skiing"}, {"date": "1994", "age": 21, "sport": "Alpine Skiing"}, {"date": "1958", "age": 29, "sport": "Alpine Skiing"}, {"date": "2002", "age": 20, "sport": "Alpine Skiing"}, {"date": "1966", "age": 19, "sport": "Alpine Skiing"}, {"date": "1950", "age": 27, "sport": "Alpine Skiing"}, {"date": "1974", "age": 28, "sport": "Alpine Skiing"}, {"date": "1962", "age": 19, "sport": "Alpine Skiing"}, {"date": "1982", "age": 23, "sport": "Alpine Skiing"}, {"date": "1974", "age": 21, "sport": "Alpine Skiing"}, {"date": "1990", "age": 27, "sport": "Alpine Skiing"}, {"date": "2014", "age": 27, "sport": "Alpine Skiing"}, {"date": "1950", "age": 27, "sport": "Alpine Skiing"}, {"date": "1994", "age": 21, "sport": "Alpine Skiing"}, {"date": "1994", "age": 23, "sport": "Alpine Skiing"}, {"date": "2010", "age": 20, "sport": "Alpine Skiing"}, {"date": "1970", "age": 28, "sport": "Alpine Skiing"}, {"date": "1990", "age": 30, "sport": "Alpine Skiing"}, {"date": "1974", "age": 22, "sport": "Alpine Skiing"}, {"date": "1950", "age": 22, "sport": "Alpine Skiing"}, {"date": "1998", "age": 28, "sport": "Alpine Skiing"}, {"date": "2010", "age": 27, "sport": "Alpine Skiing"}, {"date": "1950", "age": 23, "sport": "Alpine Skiing"}, {"date": "1978", "age": 18, "sport": "Alpine Skiing"}, {"date": "1990", "age": 25, "sport": "Alpine Skiing"}, {"date": "1974", "age": 22, "sport": "Alpine Skiing"}, {"date": "1982", "age": 21, "sport": "Alpine Skiing"}, {"date": "1990", "age": 25, "sport": "Alpine Skiing"}, {"date": "1974", "age": 18, "sport": "Alpine Skiing"}, {"date": "2014", "age": 30, "sport": "Alpine Skiing"}, {"date": "1978", "age": 19, "sport": "Alpine Skiing"}, {"date": "1994", "age": 18, "sport": "Alpine Skiing"}, {"date": "1958", "age": 21, "sport": "Alpine Skiing"}, {"date": "1982", "age": 20, "sport": "Alpine Skiing"}, {"date": "1986", "age": 24, "sport": "Alpine Skiing"}, {"date": "1982", "age": 22, "sport": "Alpine Skiing"}, {"date": "1994", "age": 22, "sport": "Alpine Skiing"}, {"date": "1962", "age": 22, "sport": "Alpine Skiing"}, {"date": "2006", "age": 29, "sport": "Alpine Skiing"}, {"date": "1990", "age": 23, "sport": "Alpine Skiing"}, {"date": "2010", "age": 24, "sport": "Alpine Skiing"}, {"date": "1998", "age": 24, "sport": "Alpine Skiing"}, {"date": "2002", "age": 30, "sport": "Alpine Skiing"}, {"date": "1962", "age": 21, "sport": "Alpine Skiing"}, {"date": "2010", "age": 25, "sport": "Alpine Skiing"}, {"date": "1994", "age": 25, "sport": "Alpine Skiing"}, {"date": "1994", "age": 20, "sport": "Alpine Skiing"}, {"date": "1994", "age": 25, "sport": "Alpine Skiing"}, {"date": "1970", "age": 24, "sport": "Alpine Skiing"}, {"date": "1990", "age": 21, "sport": "Alpine Skiing"}, {"date": "1994", "age": 28, "sport": "Alpine Skiing"}, {"date": "1974", "age": 23, "sport": "Alpine Skiing"}, {"date": "1966", "age": 20, "sport": "Alpine Skiing"}, {"date": "2010", "age": 25, "sport": "Alpine Skiing"}, {"date": "2014", "age": 18, "sport": "Alpine Skiing"}, {"date": "2006", "age": 25, "sport": "Alpine Skiing"}, {"date": "1966", "age": 18, "sport": "Alpine Skiing"}, {"date": "1990", "age": 20, "sport": "Alpine Skiing"}, {"date": "1986", "age": 19, "sport": "Alpine Skiing"}, {"date": "1966", "age": 22, "sport": "Alpine Skiing"}, {"date": "1998", "age": 30, "sport": "Alpine Skiing"}, {"date": "1990", "age": 19, "sport": "Alpine Skiing"}, {"date": "1986", "age": 20, "sport": "Alpine Skiing"}, {"date": "1990", "age": 23, "sport": "Alpine Skiing"}, {"date": "1990", "age": 21, "sport": "Alpine Skiing"}, {"date": "1982", "age": 22, "sport": "Alpine Skiing"}, {"date": "1982", "age": 19, "sport": "Alpine Skiing"}, {"date": "1990", "age": 22, "sport": "Alpine Skiing"}, {"date": "1998", "age": 28, "sport": "Alpine Skiing"}, {"date": "1950", "age": 22, "sport": "Alpine Skiing"}, {"date": "2014", "age": 30, "sport": "Alpine Skiing"}, {"date": "2002", "age": 23, "sport": "Alpine Skiing"}, {"date": "2006", "age": 32, "sport": "Alpine Skiing"}, {"date": "1998", "age": 27, "sport": "Alpine Skiing"}, {"date": "1998", "age": 23, "sport": "Alpine Skiing"}, {"date": "1974", "age": 21, "sport": "Alpine Skiing"}, {"date": "1986", "age": 17, "sport": "Alpine Skiing"}, {"date": "1962", "age": 21, "sport": "Alpine Skiing"}, {"date": "1958", "age": 30, "sport": "Alpine Skiing"}, {"date": "2006", "age": 24, "sport": "Alpine Skiing"}, {"date": "2014", "age": 28, "sport": "Alpine Skiing"}, {"date": "1998", "age": 27, "sport": "Alpine Skiing"}, {"date": "1954", "age": 23, "sport": "Alpine Skiing"}, {"date": "2010", "age": 32, "sport": "Alpine Skiing"}, {"date": "1998", "age": 22, "sport": "Alpine Skiing"}, {"date": "2014", "age": 29, "sport": "Alpine Skiing"}, {"date": "1982", "age": 21, "sport": "Alpine Skiing"}, {"date": "1982", "age": 21, "sport": "Alpine Skiing"}, {"date": "2006", "age": 26, "sport": "Alpine Skiing"}, {"date": "2010", "age": 30, "sport": "Alpine Skiing"}, {"date": "1954", "age": 21, "sport": "Alpine Skiing"}, {"date": "1994", "age": 27, "sport": "Alpine Skiing"}, {"date": "2002", "age": 26, "sport": "Alpine Skiing"}, {"date": "1950", "age": 24, "sport": "Alpine Skiing"}, {"date": "1978", "age": 27, "sport": "Alpine Skiing"}, {"date": "1958", "age": 25, "sport": "Alpine Skiing"}, {"date": "1970", "age": 23, "sport": "Alpine Skiing"}, {"date": "1974", "age": 20, "sport": "Alpine Skiing"}, {"date": "1978", "age": 27, "sport": "Alpine Skiing"}, {"date": "2014", "age": 34, "sport": "Alpine Skiing"}, {"date": "2014", "age": 24, "sport": "Alpine Skiing"}, {"date": "1978", "age": 21, "sport": "Alpine Skiing"}, {"date": "1970", "age": 19, "sport": "Alpine Skiing"}, {"date": "1974", "age": 20, "sport": "Alpine Skiing"}, {"date": "1994", "age": 27, "sport": "Alpine Skiing"}, {"date": "1994", "age": 30, "sport": "Alpine Skiing"}, {"date": "2010", "age": 28, "sport": "Alpine Skiing"}, {"date": "2002", "age": 26, "sport": "Alpine Skiing"}, {"date": "2006", "age": 29, "sport": "Alpine Skiing"}, {"date": "2006", "age": 33, "sport": "Alpine Skiing"}, {"date": "1986", "age": 26, "sport": "Alpine Skiing"}, {"date": "2006", "age": 28, "sport": "Alpine Skiing"}, {"date": "1994", "age": 23, "sport": "Alpine Skiing"}, {"date": "1966", "age": 20, "sport": "Alpine Skiing"}, {"date": "1986", "age": 24, "sport": "Alpine Skiing"}, {"date": "2010", "age": 27, "sport": "Alpine Skiing"}, {"date": "2002", "age": 32, "sport": "Alpine Skiing"}, {"date": "1998", "age": 26, "sport": "Alpine Skiing"}, {"date": "1970", "age": 23, "sport": "Alpine Skiing"}, {"date": "1990", "age": 30, "sport": "Alpine Skiing"}, {"date": "1994", "age": 25, "sport": "Alpine Skiing"}, {"date": "1954", "age": 22, "sport": "Alpine Skiing"}, {"date": "1958", "age": 20, "sport": "Alpine Skiing"}, {"date": "1970", "age": 22, "sport": "Alpine Skiing"}, {"date": "1978", "age": 20, "sport": "Alpine Skiing"}, {"date": "1958", "age": 26, "sport": "Alpine Skiing"}, {"date": "1962", "age": 21, "sport": "Alpine Skiing"}, {"date": "1958", "age": 24, "sport": "Alpine Skiing"}, {"date": "1994", "age": 24, "sport": "Alpine Skiing"}, {"date": "1998", "age": 29, "sport": "Alpine Skiing"}, {"date": "1970", "age": 22, "sport": "Alpine Skiing"}, {"date": "1998", "age": 23, "sport": "Alpine Skiing"}, {"date": "2006", "age": 32, "sport": "Alpine Skiing"}, {"date": "1994", "age": 22, "sport": "Alpine Skiing"}, {"date": "1986", "age": 25, "sport": "Alpine Skiing"}, {"date": "1950", "age": 27, "sport": "Alpine Skiing"}, {"date": "1954", "age": 24, "sport": "Alpine Skiing"}, {"date": "1998", "age": 25, "sport": "Alpine Skiing"}, {"date": "1974", "age": 20, "sport": "Alpine Skiing"}, {"date": "1994", "age": 28, "sport": "Alpine Skiing"}, {"date": "1990", "age": 28, "sport": "Alpine Skiing"}, {"date": "1986", "age": 25, "sport": "Alpine Skiing"}, {"date": "2010", "age": 23, "sport": "Alpine Skiing"}, {"date": "2006", "age": 24, "sport": "Alpine Skiing"}, {"date": "1978", "age": 21, "sport": "Alpine Skiing"}, {"date": "1974", "age": 21, "sport": "Alpine Skiing"}, {"date": "1958", "age": 30, "sport": "Alpine Skiing"}, {"date": "1982", "age": 17, "sport": "Alpine Skiing"}, {"date": "2014", "age": 29, "sport": "Alpine Skiing"}, {"date": "1970", "age": 22, "sport": "Alpine Skiing"}, {"date": "1966", "age": 24, "sport": "Alpine Skiing"}, {"date": "1990", "age": 21, "sport": "Alpine Skiing"}, {"date": "1958", "age": 22, "sport": "Alpine Skiing"}, {"date": "2014", "age": 32, "sport": "Alpine Skiing"}, {"date": "2002", "age": 24, "sport": "Alpine Skiing"}, {"date": "2014", "age": 22, "sport": "Alpine Skiing"}, {"date": "1994", "age": 23, "sport": "Alpine Skiing"}, {"date": "1994", "age": 22, "sport": "Alpine Skiing"}, {"date": "1954", "age": 31, "sport": "Alpine Skiing"}, {"date": "1970", "age": 24, "sport": "Alpine Skiing"}, {"date": "1962", "age": 23, "sport": "Alpine Skiing"}, {"date": "1966", "age": 21, "sport": "Alpine Skiing"}, {"date": "1994", "age": 24, "sport": "Alpine Skiing"}, {"date": "1986", "age": 22, "sport": "Alpine Skiing"}, {"date": "1998", "age": 22, "sport": "Alpine Skiing"}, {"date": "1982", "age": 25, "sport": "Alpine Skiing"}, {"date": "1962", "age": 19, "sport": "Alpine Skiing"}, {"date": "1978", "age": 19, "sport": "Alpine Skiing"}, {"date": "1982", "age": 22, "sport": "Alpine Skiing"}, {"date": "1978", "age": 21, "sport": "Alpine Skiing"}, {"date": "1994", "age": 22, "sport": "Alpine Skiing"}, {"date": "2006", "age": 32, "sport": "Alpine Skiing"}, {"date": "1970", "age": 27, "sport": "Alpine Skiing"}, {"date": "1986", "age": 26, "sport": "Alpine Skiing"}, {"date": "2014", "age": 27, "sport": "Alpine Skiing"}, {"date": "1958", "age": 24, "sport": "Alpine Skiing"}, {"date": "2010", "age": 24, "sport": "Alpine Skiing"}, {"date": "1998", "age": 26, "sport": "Alpine Skiing"}, {"date": "1954", "age": 24, "sport": "Alpine Skiing"}, {"date": "2014", "age": 29, "sport": "Alpine Skiing"}, {"date": "1986", "age": 26, "sport": "Alpine Skiing"}, {"date": "1994", "age": 22, "sport": "Alpine Skiing"}, {"date": "2006", "age": 27, "sport": "Alpine Skiing"}, {"date": "1962", "age": 19, "sport": "Alpine Skiing"}, {"date": "1986", "age": 22, "sport": "Alpine Skiing"}, {"date": "1994", "age": 24, "sport": "Alpine Skiing"}, {"date": "1974", "age": 17, "sport": "Alpine Skiing"}, {"date": "1974", "age": 21, "sport": "Alpine Skiing"}, {"date": "1982", "age": 21, "sport": "Alpine Skiing"}, {"date": "2014", "age": 28, "sport": "Alpine Skiing"}, {"date": "1998", "age": 24, "sport": "Alpine Skiing"}, {"date": "1998", "age": 25, "sport": "Alpine Skiing"}, {"date": "1958", "age": 20, "sport": "Alpine Skiing"}, {"date": "1962", "age": 28, "sport": "Alpine Skiing"}, {"date": "1966", "age": 26, "sport": "Alpine Skiing"}, {"date": "1962", "age": 24, "sport": "Alpine Skiing"}, {"date": "2002", "age": 29, "sport": "Alpine Skiing"}, {"date": "2006", "age": 24, "sport": "Alpine Skiing"}, {"date": "1990", "age": 23, "sport": "Alpine Skiing"}, {"date": "1962", "age": 16, "sport": "Alpine Skiing"}, {"date": "2006", "age": 27, "sport": "Alpine Skiing"}, {"date": "1958", "age": 24, "sport": "Alpine Skiing"}, {"date": "1994", "age": 24, "sport": "Alpine Skiing"}, {"date": "1998", "age": 29, "sport": "Alpine Skiing"}, {"date": "1998", "age": 27, "sport": "Alpine Skiing"}, {"date": "2002", "age": 20, "sport": "Alpine Skiing"}, {"date": "1958", "age": 25, "sport": "Alpine Skiing"}, {"date": "2002", "age": 26, "sport": "Alpine Skiing"}, {"date": "2010", "age": 28, "sport": "Alpine Skiing"}, {"date": "1978", "age": 26, "sport": "Alpine Skiing"}, {"date": "2006", "age": 28, "sport": "Alpine Skiing"}, {"date": "1954", "age": 20, "sport": "Alpine Skiing"}, {"date": "1994", "age": 28, "sport": "Alpine Skiing"}, {"date": "1962", "age": 22, "sport": "Alpine Skiing"}, {"date": "2002", "age": 28, "sport": "Alpine Skiing"}, {"date": "1950", "age": 23, "sport": "Alpine Skiing"}, {"date": "2002", "age": 23, "sport": "Alpine Skiing"}, {"date": "1994", "age": 22, "sport": "Alpine Skiing"}, {"date": "1978", "age": 23, "sport": "Alpine Skiing"}, {"date": "1994", "age": 27, "sport": "Alpine Skiing"}, {"date": "1962", "age": 27, "sport": "Alpine Skiing"}, {"date": "1998", "age": 31, "sport": "Alpine Skiing"}, {"date": "1966", "age": 26, "sport": "Alpine Skiing"}, {"date": "1994", "age": 24, "sport": "Alpine Skiing"}, {"date": "2010", "age": 25, "sport": "Alpine Skiing"}, {"date": "1990", "age": 21, "sport": "Alpine Skiing"}, {"date": "1954", "age": 24, "sport": "Alpine Skiing"}, {"date": "1966", "age": 26, "sport": "Alpine Skiing"}, {"date": "2014", "age": 29, "sport": "Alpine Skiing"}, {"date": "2010", "age": 32, "sport": "Alpine Skiing"}, {"date": "1998", "age": 26, "sport": "Alpine Skiing"}, {"date": "2014", "age": 32, "sport": "Alpine Skiing"}, {"date": "2010", "age": 24, "sport": "Alpine Skiing"}, {"date": "1994", "age": 23, "sport": "Alpine Skiing"}, {"date": "2014", "age": 34, "sport": "Alpine Skiing"}, {"date": "1962", "age": 27, "sport": "Alpine Skiing"}, {"date": "2002", "age": 31, "sport": "Alpine Skiing"}, {"date": "1994", "age": 23, "sport": "Alpine Skiing"}, {"date": "1954", "age": 23, "sport": "Alpine Skiing"}, {"date": "1998", "age": 24, "sport": "Alpine Skiing"}, {"date": "1966", "age": 20, "sport": "Alpine Skiing"}, {"date": "2014", "age": 23, "sport": "Alpine Skiing"}, {"date": "2014", "age": 19, "sport": "Alpine Skiing"}, {"date": "1994", "age": 26, "sport": "Alpine Skiing"}, {"date": "2014", "age": 29, "sport": "Alpine Skiing"}, {"date": "1950", "age": 28, "sport": "Alpine Skiing"}, {"date": "1978", "age": 20, "sport": "Alpine Skiing"}, {"date": "1994", "age": 23, "sport": "Alpine Skiing"}, {"date": "1986", "age": 23, "sport": "Alpine Skiing"}, {"date": "2010", "age": 26, "sport": "Alpine Skiing"}, {"date": "1970", "age": 24, "sport": "Alpine Skiing"}, {"date": "1990", "age": 21, "sport": "Alpine Skiing"}, {"date": "2002", "age": 26, "sport": "Alpine Skiing"}, {"date": "1994", "age": 18, "sport": "Alpine Skiing"}, {"date": "1998", "age": 31, "sport": "Alpine Skiing"}, {"date": "1970", "age": 18, "sport": "Alpine Skiing"}, {"date": "1982", "age": 19, "sport": "Alpine Skiing"}, {"date": "1990", "age": 23, "sport": "Alpine Skiing"}, {"date": "1986", "age": 20, "sport": "Alpine Skiing"}, {"date": "1986", "age": 23, "sport": "Alpine Skiing"}, {"date": "1962", "age": 28, "sport": "Alpine Skiing"}, {"date": "2006", "age": 34, "sport": "Alpine Skiing"}, {"date": "1994", "age": 27, "sport": "Alpine Skiing"}, {"date": "1950", "age": 20, "sport": "Alpine Skiing"}, {"date": "2002", "age": 29, "sport": "Alpine Skiing"}, {"date": "2002", "age": 24, "sport": "Alpine Skiing"}, {"date": "1982", "age": 26, "sport": "Alpine Skiing"}, {"date": "1962", "age": 24, "sport": "Alpine Skiing"}, {"date": "2002", "age": 29, "sport": "Alpine Skiing"}, {"date": "1986", "age": 21, "sport": "Alpine Skiing"}, {"date": "2006", "age": 33, "sport": "Alpine Skiing"}, {"date": "1978", "age": 25, "sport": "Alpine Skiing"}, {"date": "2010", "age": 25, "sport": "Alpine Skiing"}, {"date": "1954", "age": 26, "sport": "Alpine Skiing"}, {"date": "2006", "age": 30, "sport": "Alpine Skiing"}, {"date": "2014", "age": 24, "sport": "Alpine Skiing"}, {"date": "1994", "age": 20, "sport": "Alpine Skiing"}, {"date": "2006", "age": 24, "sport": "Alpine Skiing"}, {"date": "1954", "age": 27, "sport": "Alpine Skiing"}, {"date": "1950", "age": 26, "sport": "Alpine Skiing"}, {"date": "1994", "age": 22, "sport": "Alpine Skiing"}, {"date": "1994", "age": 21, "sport": "Alpine Skiing"}, {"date": "1970", "age": 20, "sport": "Alpine Skiing"}, {"date": "1950", "age": 26, "sport": "Alpine Skiing"}, {"date": "1994", "age": 19, "sport": "Alpine Skiing"}, {"date": "2006", "age": 21, "sport": "Alpine Skiing"}, {"date": "1974", "age": 17, "sport": "Alpine Skiing"}, {"date": "1958", "age": 24, "sport": "Alpine Skiing"}, {"date": "2010", "age": 25, "sport": "Alpine Skiing"}, {"date": "1994", "age": 25, "sport": "Alpine Skiing"}, {"date": "2008", "age": 24, "sport": "Rhythmic Gymnastics"}, {"date": "2000", "age": 19, "sport": "Rhythmic Gymnastics"}, {"date": "1984", "age": 21, "sport": "Rhythmic Gymnastics"}, {"date": "2000", "age": 19, "sport": "Rhythmic Gymnastics"}, {"date": "2000", "age": 16, "sport": "Rhythmic Gymnastics"}, {"date": "2008", "age": 17, "sport": "Rhythmic Gymnastics"}, {"date": "2004", "age": 19, "sport": "Rhythmic Gymnastics"}, {"date": "2000", "age": 17, "sport": "Rhythmic Gymnastics"}, {"date": "2012", "age": 17, "sport": "Rhythmic Gymnastics"}, {"date": "2000", "age": 21, "sport": "Rhythmic Gymnastics"}, {"date": "2016", "age": 20, "sport": "Rhythmic Gymnastics"}, {"date": "2000", "age": 17, "sport": "Rhythmic Gymnastics"}, {"date": "2000", "age": 16, "sport": "Rhythmic Gymnastics"}, {"date": "2000", "age": 16, "sport": "Rhythmic Gymnastics"}, {"date": "2012", "age": 24, "sport": "Rhythmic Gymnastics"}, {"date": "2000", "age": 17, "sport": "Rhythmic Gymnastics"}, {"date": "1996", "age": 18, "sport": "Rhythmic Gymnastics"}, {"date": "2016", "age": 25, "sport": "Rhythmic Gymnastics"}, {"date": "2016", "age": 21, "sport": "Rhythmic Gymnastics"}, {"date": "1996", "age": 16, "sport": "Rhythmic Gymnastics"}, {"date": "1996", "age": 19, "sport": "Rhythmic Gymnastics"}, {"date": "1996", "age": 16, "sport": "Rhythmic Gymnastics"}, {"date": "2012", "age": 22, "sport": "Rhythmic Gymnastics"}, {"date": "1992", "age": 16, "sport": "Rhythmic Gymnastics"}, {"date": "2004", "age": 18, "sport": "Rhythmic Gymnastics"}, {"date": "2004", "age": 20, "sport": "Rhythmic Gymnastics"}, {"date": "2012", "age": 25, "sport": "Rhythmic Gymnastics"}, {"date": "2000", "age": 16, "sport": "Rhythmic Gymnastics"}, {"date": "1996", "age": 16, "sport": "Rhythmic Gymnastics"}, {"date": "2000", "age": 17, "sport": "Rhythmic Gymnastics"}, {"date": "2016", "age": 22, "sport": "Rhythmic Gymnastics"}, {"date": "2004", "age": 18, "sport": "Rhythmic Gymnastics"}, {"date": "2016", "age": 22, "sport": "Rhythmic Gymnastics"}, {"date": "1996", "age": 19, "sport": "Rhythmic Gymnastics"}, {"date": "2000", "age": 16, "sport": "Rhythmic Gymnastics"}, {"date": "2004", "age": 18, "sport": "Rhythmic Gymnastics"}, {"date": "2004", "age": 16, "sport": "Rhythmic Gymnastics"}, {"date": "2008", "age": 21, "sport": "Rhythmic Gymnastics"}, {"date": "2012", "age": 22, "sport": "Rhythmic Gymnastics"}, {"date": "2008", "age": 20, "sport": "Rhythmic Gymnastics"}, {"date": "2004", "age": 17, "sport": "Rhythmic Gymnastics"}, {"date": "2008", "age": 22, "sport": "Rhythmic Gymnastics"}, {"date": "2008", "age": 18, "sport": "Rhythmic Gymnastics"}, {"date": "2008", "age": 19, "sport": "Rhythmic Gymnastics"}, {"date": "2000", "age": 17, "sport": "Rhythmic Gymnastics"}, {"date": "2004", "age": 18, "sport": "Rhythmic Gymnastics"}, {"date": "2004", "age": 20, "sport": "Rhythmic Gymnastics"}, {"date": "1996", "age": 16, "sport": "Rhythmic Gymnastics"}, {"date": "2000", "age": 16, "sport": "Rhythmic Gymnastics"}, {"date": "2004", "age": 17, "sport": "Rhythmic Gymnastics"}, {"date": "2016", "age": 21, "sport": "Rhythmic Gymnastics"}, {"date": "2004", "age": 22, "sport": "Rhythmic Gymnastics"}, {"date": "2004", "age": 16, "sport": "Rhythmic Gymnastics"}, {"date": "2008", "age": 16, "sport": "Rhythmic Gymnastics"}, {"date": "1996", "age": 16, "sport": "Rhythmic Gymnastics"}, {"date": "1992", "age": 20, "sport": "Rhythmic Gymnastics"}, {"date": "2000", "age": 16, "sport": "Rhythmic Gymnastics"}, {"date": "2012", "age": 19, "sport": "Rhythmic Gymnastics"}, {"date": "1996", "age": 18, "sport": "Rhythmic Gymnastics"}, {"date": "2016", "age": 21, "sport": "Rhythmic Gymnastics"}, {"date": "2012", "age": 19, "sport": "Rhythmic Gymnastics"}, {"date": "2008", "age": 19, "sport": "Rhythmic Gymnastics"}, {"date": "2000", "age": 17, "sport": "Rhythmic Gymnastics"}, {"date": "2016", "age": 23, "sport": "Rhythmic Gymnastics"}, {"date": "2008", "age": 19, "sport": "Rhythmic Gymnastics"}, {"date": "2012", "age": 18, "sport": "Rhythmic Gymnastics"}, {"date": "2004", "age": 20, "sport": "Rhythmic Gymnastics"}, {"date": "2004", "age": 19, "sport": "Rhythmic Gymnastics"}, {"date": "2000", "age": 18, "sport": "Rhythmic Gymnastics"}, {"date": "1996", "age": 19, "sport": "Rhythmic Gymnastics"}, {"date": "2000", "age": 19, "sport": "Rhythmic Gymnastics"}, {"date": "1988", "age": 16, "sport": "Rhythmic Gymnastics"}, {"date": "2004", "age": 18, "sport": "Rhythmic Gymnastics"}, {"date": "2008", "age": 18, "sport": "Rhythmic Gymnastics"}, {"date": "1996", "age": 18, "sport": "Rhythmic Gymnastics"}, {"date": "1996", "age": 18, "sport": "Rhythmic Gymnastics"}, {"date": "2008", "age": 25, "sport": "Rhythmic Gymnastics"}, {"date": "1992", "age": 20, "sport": "Rhythmic Gymnastics"}, {"date": "1984", "age": 16, "sport": "Rhythmic Gymnastics"}, {"date": "2016", "age": 23, "sport": "Rhythmic Gymnastics"}, {"date": "2008", "age": 17, "sport": "Rhythmic Gymnastics"}, {"date": "2004", "age": 19, "sport": "Rhythmic Gymnastics"}, {"date": "2008", "age": 19, "sport": "Rhythmic Gymnastics"}, {"date": "2012", "age": 17, "sport": "Rhythmic Gymnastics"}, {"date": "2004", "age": 17, "sport": "Rhythmic Gymnastics"}, {"date": "2004", "age": 21, "sport": "Rhythmic Gymnastics"}, {"date": "2008", "age": 18, "sport": "Rhythmic Gymnastics"}, {"date": "2008", "age": 24, "sport": "Rhythmic Gymnastics"}, {"date": "2012", "age": 24, "sport": "Rhythmic Gymnastics"}, {"date": "2016", "age": 25, "sport": "Rhythmic Gymnastics"}, {"date": "1996", "age": 17, "sport": "Rhythmic Gymnastics"}, {"date": "1996", "age": 19, "sport": "Rhythmic Gymnastics"}, {"date": "2012", "age": 17, "sport": "Rhythmic Gymnastics"}, {"date": "1996", "age": 15, "sport": "Rhythmic Gymnastics"}, {"date": "1996", "age": 19, "sport": "Rhythmic Gymnastics"}, {"date": "2000", "age": 18, "sport": "Rhythmic Gymnastics"}, {"date": "2012", "age": 17, "sport": "Rhythmic Gymnastics"}, {"date": "2008", "age": 21, "sport": "Rhythmic Gymnastics"}, {"date": "2016", "age": 18, "sport": "Rhythmic Gymnastics"}, {"date": "1988", "age": 18, "sport": "Rhythmic Gymnastics"}, {"date": "2012", "age": 22, "sport": "Rhythmic Gymnastics"}, {"date": "2008", "age": 18, "sport": "Rhythmic Gymnastics"}, {"date": "1996", "age": 15, "sport": "Rhythmic Gymnastics"}, {"date": "2000", "age": 20, "sport": "Rhythmic Gymnastics"}, {"date": "1996", "age": 18, "sport": "Rhythmic Gymnastics"}, {"date": "2012", "age": 21, "sport": "Rhythmic Gymnastics"}, {"date": "2004", "age": 15, "sport": "Rhythmic Gymnastics"}, {"date": "2012", "age": 20, "sport": "Rhythmic Gymnastics"}, {"date": "1996", "age": 16, "sport": "Rhythmic Gymnastics"}, {"date": "2012", "age": 22, "sport": "Rhythmic Gymnastics"}, {"date": "1984", "age": 21, "sport": "Rhythmic Gymnastics"}, {"date": "2016", "age": 24, "sport": "Rhythmic Gymnastics"}, {"date": "2008", "age": 19, "sport": "Rhythmic Gymnastics"}, {"date": "2012", "age": 24, "sport": "Rhythmic Gymnastics"}, {"date": "1988", "age": 18, "sport": "Rhythmic Gymnastics"}, {"date": "2000", "age": 15, "sport": "Rhythmic Gymnastics"}, {"date": "2016", "age": 18, "sport": "Rhythmic Gymnastics"}, {"date": "2012", "age": 22, "sport": "Rhythmic Gymnastics"}, {"date": "2004", "age": 19, "sport": "Rhythmic Gymnastics"}, {"date": "2016", "age": 19, "sport": "Rhythmic Gymnastics"}, {"date": "2016", "age": 22, "sport": "Rhythmic Gymnastics"}, {"date": "2016", "age": 20, "sport": "Rhythmic Gymnastics"}, {"date": "2012", "age": 18, "sport": "Rhythmic Gymnastics"}, {"date": "2008", "age": 18, "sport": "Rhythmic Gymnastics"}, {"date": "1996", "age": 15, "sport": "Rhythmic Gymnastics"}, {"date": "2004", "age": 20, "sport": "Rhythmic Gymnastics"}, {"date": "1996", "age": 17, "sport": "Rhythmic Gymnastics"}, {"date": "2016", "age": 18, "sport": "Rhythmic Gymnastics"}, {"date": "2016", "age": 25, "sport": "Rhythmic Gymnastics"}, {"date": "2012", "age": 17, "sport": "Rhythmic Gymnastics"}, {"date": "2012", "age": 19, "sport": "Rhythmic Gymnastics"}, {"date": "2008", "age": 18, "sport": "Rhythmic Gymnastics"}, {"date": "1974", "age": 27, "sport": "Bobsleigh"}, {"date": "1966", "age": 32, "sport": "Bobsleigh"}, {"date": "1966", "age": 27, "sport": "Bobsleigh"}, {"date": "1950", "age": 30, "sport": "Bobsleigh"}, {"date": "1994", "age": 28, "sport": "Bobsleigh"}, {"date": "2010", "age": 27, "sport": "Bobsleigh"}, {"date": "2002", "age": 34, "sport": "Bobsleigh"}, {"date": "1998", "age": 24, "sport": "Bobsleigh"}, {"date": "1954", "age": 33, "sport": "Bobsleigh"}, {"date": "1994", "age": 30, "sport": "Bobsleigh"}, {"date": "1982", "age": 28, "sport": "Bobsleigh"}, {"date": "2006", "age": 28, "sport": "Bobsleigh"}, {"date": "1998", "age": 28, "sport": "Bobsleigh"}, {"date": "1982", "age": 29, "sport": "Bobsleigh"}, {"date": "1958", "age": 35, "sport": "Bobsleigh"}, {"date": "1958", "age": 46, "sport": "Bobsleigh"}, {"date": "2010", "age": 29, "sport": "Bobsleigh"}, {"date": "1998", "age": 26, "sport": "Bobsleigh"}, {"date": "1998", "age": 33, "sport": "Bobsleigh"}, {"date": "1950", "age": 26, "sport": "Bobsleigh"}, {"date": "1990", "age": 28, "sport": "Bobsleigh"}, {"date": "1978", "age": 24, "sport": "Bobsleigh"}, {"date": "1994", "age": 28, "sport": "Bobsleigh"}, {"date": "2010", "age": 32, "sport": "Bobsleigh"}, {"date": "1986", "age": 24, "sport": "Bobsleigh"}, {"date": "2010", "age": 35, "sport": "Bobsleigh"}, {"date": "2010", "age": 31, "sport": "Bobsleigh"}, {"date": "1986", "age": 25, "sport": "Bobsleigh"}, {"date": "2002", "age": 37, "sport": "Bobsleigh"}, {"date": "1958", "age": 29, "sport": "Bobsleigh"}, {"date": "2006", "age": 27, "sport": "Bobsleigh"}, {"date": "1994", "age": 26, "sport": "Bobsleigh"}, {"date": "1970", "age": 26, "sport": "Bobsleigh"}, {"date": "1966", "age": 29, "sport": "Bobsleigh"}, {"date": "2014", "age": 28, "sport": "Bobsleigh"}, {"date": "1978", "age": 26, "sport": "Bobsleigh"}, {"date": "2006", "age": 27, "sport": "Bobsleigh"}, {"date": "2014", "age": 28, "sport": "Bobsleigh"}, {"date": "1970", "age": 25, "sport": "Bobsleigh"}, {"date": "1966", "age": 32, "sport": "Bobsleigh"}, {"date": "2002", "age": 28, "sport": "Bobsleigh"}, {"date": "1966", "age": 33, "sport": "Bobsleigh"}, {"date": "2014", "age": 28, "sport": "Bobsleigh"}, {"date": "1994", "age": 28, "sport": "Bobsleigh"}, {"date": "2010", "age": 22, "sport": "Bobsleigh"}, {"date": "1950", "age": 39, "sport": "Bobsleigh"}, {"date": "2010", "age": 29, "sport": "Bobsleigh"}, {"date": "1974", "age": 25, "sport": "Bobsleigh"}, {"date": "2010", "age": 25, "sport": "Bobsleigh"}, {"date": "2010", "age": 36, "sport": "Bobsleigh"}, {"date": "1994", "age": 30, "sport": "Bobsleigh"}, {"date": "1994", "age": 27, "sport": "Bobsleigh"}, {"date": "1998", "age": 29, "sport": "Bobsleigh"}, {"date": "1982", "age": 30, "sport": "Bobsleigh"}, {"date": "1998", "age": 23, "sport": "Bobsleigh"}, {"date": "2002", "age": 33, "sport": "Bobsleigh"}, {"date": "2002", "age": 24, "sport": "Bobsleigh"}, {"date": "1970", "age": 25, "sport": "Bobsleigh"}, {"date": "2014", "age": 25, "sport": "Bobsleigh"}, {"date": "2014", "age": 30, "sport": "Bobsleigh"}, {"date": "1994", "age": 34, "sport": "Bobsleigh"}, {"date": "1986", "age": 29, "sport": "Bobsleigh"}, {"date": "1990", "age": 30, "sport": "Bobsleigh"}, {"date": "2002", "age": 39, "sport": "Bobsleigh"}, {"date": "1970", "age": 27, "sport": "Bobsleigh"}, {"date": "1974", "age": 28, "sport": "Bobsleigh"}, {"date": "1986", "age": 31, "sport": "Bobsleigh"}, {"date": "1990", "age": 30, "sport": "Bobsleigh"}, {"date": "1970", "age": 26, "sport": "Bobsleigh"}, {"date": "2014", "age": 29, "sport": "Bobsleigh"}, {"date": "2014", "age": 33, "sport": "Bobsleigh"}, {"date": "1978", "age": 35, "sport": "Bobsleigh"}, {"date": "2014", "age": 30, "sport": "Bobsleigh"}, {"date": "1998", "age": 30, "sport": "Bobsleigh"}, {"date": "2014", "age": 33, "sport": "Bobsleigh"}, {"date": "1966", "age": 33, "sport": "Bobsleigh"}, {"date": "2006", "age": 29, "sport": "Bobsleigh"}, {"date": "1994", "age": 25, "sport": "Bobsleigh"}, {"date": "2006", "age": 31, "sport": "Bobsleigh"}, {"date": "1958", "age": 40, "sport": "Bobsleigh"}, {"date": "2010", "age": 29, "sport": "Bobsleigh"}, {"date": "1982", "age": 30, "sport": "Bobsleigh"}, {"date": "1998", "age": 30, "sport": "Bobsleigh"}, {"date": "2002", "age": 25, "sport": "Bobsleigh"}, {"date": "1950", "age": 29, "sport": "Bobsleigh"}, {"date": "1994", "age": 32, "sport": "Bobsleigh"}, {"date": "1950", "age": 49, "sport": "Bobsleigh"}, {"date": "1966", "age": 27, "sport": "Bobsleigh"}, {"date": "1966", "age": 21, "sport": "Bobsleigh"}, {"date": "1990", "age": 25, "sport": "Bobsleigh"}, {"date": "1994", "age": 26, "sport": "Bobsleigh"}, {"date": "1974", "age": 27, "sport": "Bobsleigh"}, {"date": "1954", "age": 31, "sport": "Bobsleigh"}, {"date": "1954", "age": 41, "sport": "Bobsleigh"}, {"date": "1986", "age": 26, "sport": "Bobsleigh"}, {"date": "2002", "age": 32, "sport": "Bobsleigh"}, {"date": "2006", "age": 30, "sport": "Bobsleigh"}, {"date": "2006", "age": 21, "sport": "Bobsleigh"}, {"date": "1978", "age": 27, "sport": "Bobsleigh"}, {"date": "1978", "age": 35, "sport": "Bobsleigh"}, {"date": "1986", "age": 30, "sport": "Bobsleigh"}, {"date": "1958", "age": 40, "sport": "Bobsleigh"}, {"date": "1994", "age": 36, "sport": "Bobsleigh"}, {"date": "1986", "age": 35, "sport": "Bobsleigh"}, {"date": "1974", "age": 26, "sport": "Bobsleigh"}, {"date": "2002", "age": 32, "sport": "Bobsleigh"}, {"date": "2010", "age": 29, "sport": "Bobsleigh"}, {"date": "2002", "age": 31, "sport": "Bobsleigh"}, {"date": "1982", "age": 39, "sport": "Bobsleigh"}, {"date": "1986", "age": 26, "sport": "Bobsleigh"}, {"date": "1974", "age": 31, "sport": "Bobsleigh"}, {"date": "2002", "age": 26, "sport": "Bobsleigh"}, {"date": "1958", "age": 23, "sport": "Bobsleigh"}, {"date": "1950", "age": 37, "sport": "Bobsleigh"}, {"date": "1950", "age": 28, "sport": "Bobsleigh"}, {"date": "2006", "age": 31, "sport": "Bobsleigh"}, {"date": "1990", "age": 32, "sport": "Bobsleigh"}, {"date": "1994", "age": 30, "sport": "Bobsleigh"}, {"date": "1958", "age": 26, "sport": "Bobsleigh"}, {"date": "1998", "age": 33, "sport": "Bobsleigh"}, {"date": "1994", "age": 28, "sport": "Bobsleigh"}, {"date": "2010", "age": 31, "sport": "Bobsleigh"}, {"date": "2010", "age": 30, "sport": "Bobsleigh"}, {"date": "1950", "age": 34, "sport": "Bobsleigh"}, {"date": "2002", "age": 33, "sport": "Bobsleigh"}, {"date": "1998", "age": 30, "sport": "Bobsleigh"}, {"date": "1974", "age": 28, "sport": "Bobsleigh"}, {"date": "1974", "age": 38, "sport": "Bobsleigh"}, {"date": "1994", "age": 31, "sport": "Bobsleigh"}, {"date": "1994", "age": 25, "sport": "Bobsleigh"}, {"date": "2014", "age": 36, "sport": "Bobsleigh"}, {"date": "1950", "age": 28, "sport": "Bobsleigh"}, {"date": "2002", "age": 27, "sport": "Bobsleigh"}, {"date": "1986", "age": 29, "sport": "Bobsleigh"}, {"date": "2006", "age": 27, "sport": "Bobsleigh"}, {"date": "2014", "age": 35, "sport": "Bobsleigh"}, {"date": "1994", "age": 28, "sport": "Bobsleigh"}, {"date": "1994", "age": 25, "sport": "Bobsleigh"}, {"date": "1990", "age": 29, "sport": "Bobsleigh"}, {"date": "1986", "age": 26, "sport": "Bobsleigh"}, {"date": "1994", "age": 38, "sport": "Bobsleigh"}, {"date": "1966", "age": 28, "sport": "Bobsleigh"}, {"date": "1970", "age": 30, "sport": "Bobsleigh"}, {"date": "1954", "age": 38, "sport": "Bobsleigh"}, {"date": "1950", "age": 24, "sport": "Bobsleigh"}, {"date": "1982", "age": 33, "sport": "Bobsleigh"}, {"date": "1986", "age": 30, "sport": "Bobsleigh"}, {"date": "1978", "age": 29, "sport": "Bobsleigh"}, {"date": "1990", "age": 22, "sport": "Bobsleigh"}, {"date": "1950", "age": 27, "sport": "Bobsleigh"}, {"date": "1974", "age": 32, "sport": "Bobsleigh"}, {"date": "1966", "age": 26, "sport": "Bobsleigh"}, {"date": "1994", "age": 24, "sport": "Bobsleigh"}, {"date": "2006", "age": 35, "sport": "Bobsleigh"}, {"date": "1978", "age": 24, "sport": "Bobsleigh"}, {"date": "1970", "age": 25, "sport": "Bobsleigh"}, {"date": "1958", "age": 27, "sport": "Bobsleigh"}, {"date": "1990", "age": 39, "sport": "Bobsleigh"}, {"date": "1990", "age": 25, "sport": "Bobsleigh"}, {"date": "1950", "age": 35, "sport": "Bobsleigh"}, {"date": "1986", "age": 26, "sport": "Bobsleigh"}, {"date": "1978", "age": 25, "sport": "Bobsleigh"}, {"date": "1998", "age": 22, "sport": "Bobsleigh"}, {"date": "2010", "age": 25, "sport": "Bobsleigh"}, {"date": "2010", "age": 31, "sport": "Bobsleigh"}, {"date": "1954", "age": 23, "sport": "Bobsleigh"}, {"date": "2014", "age": 33, "sport": "Bobsleigh"}, {"date": "1978", "age": 22, "sport": "Bobsleigh"}, {"date": "2002", "age": 27, "sport": "Bobsleigh"}, {"date": "1958", "age": 29, "sport": "Bobsleigh"}, {"date": "2002", "age": 32, "sport": "Bobsleigh"}, {"date": "1990", "age": 29, "sport": "Bobsleigh"}, {"date": "1954", "age": 27, "sport": "Bobsleigh"}, {"date": "1986", "age": 28, "sport": "Bobsleigh"}, {"date": "1994", "age": 24, "sport": "Bobsleigh"}, {"date": "1970", "age": 23, "sport": "Bobsleigh"}, {"date": "1958", "age": 31, "sport": "Bobsleigh"}, {"date": "1958", "age": 34, "sport": "Bobsleigh"}, {"date": "1998", "age": 32, "sport": "Bobsleigh"}, {"date": "1950", "age": 26, "sport": "Bobsleigh"}, {"date": "1998", "age": 28, "sport": "Bobsleigh"}, {"date": "1966", "age": 33, "sport": "Bobsleigh"}, {"date": "1990", "age": 26, "sport": "Bobsleigh"}, {"date": "1970", "age": 26, "sport": "Bobsleigh"}, {"date": "1982", "age": 20, "sport": "Bobsleigh"}, {"date": "1982", "age": 35, "sport": "Bobsleigh"}, {"date": "1970", "age": 33, "sport": "Bobsleigh"}, {"date": "1994", "age": 27, "sport": "Bobsleigh"}, {"date": "1974", "age": 30, "sport": "Bobsleigh"}, {"date": "2006", "age": 31, "sport": "Bobsleigh"}, {"date": "1954", "age": 31, "sport": "Bobsleigh"}, {"date": "1958", "age": 34, "sport": "Bobsleigh"}, {"date": "2010", "age": 24, "sport": "Bobsleigh"}, {"date": "1974", "age": 26, "sport": "Bobsleigh"}, {"date": "2006", "age": 29, "sport": "Bobsleigh"}, {"date": "1998", "age": 30, "sport": "Bobsleigh"}, {"date": "1970", "age": 21, "sport": "Bobsleigh"}, {"date": "1970", "age": 37, "sport": "Bobsleigh"}, {"date": "2010", "age": 24, "sport": "Bobsleigh"}, {"date": "2010", "age": 29, "sport": "Bobsleigh"}, {"date": "1994", "age": 29, "sport": "Bobsleigh"}, {"date": "2002", "age": 23, "sport": "Bobsleigh"}, {"date": "1974", "age": 31, "sport": "Bobsleigh"}, {"date": "1998", "age": 34, "sport": "Bobsleigh"}, {"date": "2002", "age": 24, "sport": "Bobsleigh"}, {"date": "2002", "age": 39, "sport": "Bobsleigh"}, {"date": "1998", "age": 29, "sport": "Bobsleigh"}, {"date": "2002", "age": 28, "sport": "Bobsleigh"}, {"date": "2006", "age": 28, "sport": "Bobsleigh"}, {"date": "1994", "age": 28, "sport": "Bobsleigh"}, {"date": "1954", "age": 32, "sport": "Bobsleigh"}, {"date": "2010", "age": 29, "sport": "Bobsleigh"}, {"date": "2002", "age": 28, "sport": "Bobsleigh"}, {"date": "1994", "age": 34, "sport": "Bobsleigh"}, {"date": "1958", "age": 37, "sport": "Bobsleigh"}, {"date": "1970", "age": 34, "sport": "Bobsleigh"}, {"date": "1954", "age": 43, "sport": "Bobsleigh"}, {"date": "1982", "age": 26, "sport": "Bobsleigh"}, {"date": "1974", "age": 37, "sport": "Bobsleigh"}, {"date": "1994", "age": 27, "sport": "Bobsleigh"}, {"date": "1998", "age": 30, "sport": "Bobsleigh"}, {"date": "1998", "age": 35, "sport": "Bobsleigh"}, {"date": "1994", "age": 28, "sport": "Bobsleigh"}, {"date": "1994", "age": 29, "sport": "Bobsleigh"}, {"date": "2014", "age": 24, "sport": "Bobsleigh"}, {"date": "1958", "age": 25, "sport": "Bobsleigh"}, {"date": "2014", "age": 25, "sport": "Bobsleigh"}, {"date": "1990", "age": 35, "sport": "Bobsleigh"}, {"date": "1998", "age": 32, "sport": "Bobsleigh"}, {"date": "1974", "age": 24, "sport": "Bobsleigh"}, {"date": "1954", "age": 28, "sport": "Bobsleigh"}, {"date": "1982", "age": 25, "sport": "Bobsleigh"}, {"date": "1970", "age": 29, "sport": "Bobsleigh"}, {"date": "1954", "age": 46, "sport": "Bobsleigh"}, {"date": "2006", "age": 31, "sport": "Bobsleigh"}, {"date": "1994", "age": 31, "sport": "Bobsleigh"}, {"date": "1950", "age": 38, "sport": "Bobsleigh"}, {"date": "1978", "age": 31, "sport": "Bobsleigh"}, {"date": "2002", "age": 34, "sport": "Bobsleigh"}, {"date": "2014", "age": 29, "sport": "Bobsleigh"}, {"date": "1986", "age": 25, "sport": "Bobsleigh"}, {"date": "1990", "age": 30, "sport": "Bobsleigh"}, {"date": "1966", "age": 27, "sport": "Bobsleigh"}, {"date": "2010", "age": 31, "sport": "Bobsleigh"}, {"date": "2006", "age": 25, "sport": "Bobsleigh"}, {"date": "1958", "age": 23, "sport": "Bobsleigh"}, {"date": "2006", "age": 32, "sport": "Bobsleigh"}, {"date": "1994", "age": 23, "sport": "Bobsleigh"}, {"date": "1966", "age": 32, "sport": "Bobsleigh"}, {"date": "1958", "age": 28, "sport": "Bobsleigh"}, {"date": "1978", "age": 35, "sport": "Bobsleigh"}, {"date": "1970", "age": 33, "sport": "Bobsleigh"}, {"date": "2002", "age": 32, "sport": "Bobsleigh"}, {"date": "1994", "age": 26, "sport": "Bobsleigh"}, {"date": "2014", "age": 39, "sport": "Bobsleigh"}, {"date": "2006", "age": 27, "sport": "Bobsleigh"}, {"date": "1998", "age": 27, "sport": "Bobsleigh"}, {"date": "1950", "age": 36, "sport": "Bobsleigh"}, {"date": "1950", "age": 26, "sport": "Bobsleigh"}, {"date": "1950", "age": 43, "sport": "Bobsleigh"}, {"date": "1954", "age": 32, "sport": "Bobsleigh"}, {"date": "1990", "age": 26, "sport": "Bobsleigh"}, {"date": "1982", "age": 23, "sport": "Bobsleigh"}, {"date": "2006", "age": 29, "sport": "Bobsleigh"}, {"date": "1978", "age": 29, "sport": "Bobsleigh"}, {"date": "1966", "age": 36, "sport": "Bobsleigh"}, {"date": "1950", "age": 35, "sport": "Bobsleigh"}, {"date": "2014", "age": 30, "sport": "Bobsleigh"}, {"date": "2014", "age": 24, "sport": "Bobsleigh"}, {"date": "1966", "age": 30, "sport": "Bobsleigh"}, {"date": "2006", "age": 37, "sport": "Bobsleigh"}, {"date": "2010", "age": 30, "sport": "Bobsleigh"}, {"date": "1982", "age": 22, "sport": "Bobsleigh"}, {"date": "2014", "age": 30, "sport": "Bobsleigh"}, {"date": "1966", "age": 29, "sport": "Bobsleigh"}, {"date": "2002", "age": 29, "sport": "Bobsleigh"}, {"date": "1970", "age": 40, "sport": "Bobsleigh"}, {"date": "2010", "age": 35, "sport": "Bobsleigh"}, {"date": "2006", "age": 28, "sport": "Bobsleigh"}, {"date": "2014", "age": 29, "sport": "Bobsleigh"}, {"date": "1994", "age": 30, "sport": "Bobsleigh"}, {"date": "2002", "age": 32, "sport": "Bobsleigh"}, {"date": "2004", "age": 44, "sport": "Equestrianism"}, {"date": "1964", "age": 28, "sport": "Equestrianism"}, {"date": "1988", "age": 25, "sport": "Equestrianism"}, {"date": "2000", "age": 36, "sport": "Equestrianism"}, {"date": "1992", "age": 25, "sport": "Equestrianism"}, {"date": "2000", "age": 42, "sport": "Equestrianism"}, {"date": "2016", "age": 48, "sport": "Equestrianism"}, {"date": "1968", "age": 34, "sport": "Equestrianism"}, {"date": "1972", "age": 34, "sport": "Equestrianism"}, {"date": "1964", "age": 36, "sport": "Equestrianism"}, {"date": "2016", "age": 41, "sport": "Equestrianism"}, {"date": "1964", "age": 21, "sport": "Equestrianism"}, {"date": "1996", "age": 35, "sport": "Equestrianism"}, {"date": "1972", "age": 33, "sport": "Equestrianism"}, {"date": "1952", "age": 32, "sport": "Equestrianism"}, {"date": "1956", "age": 28, "sport": "Equestrianism"}, {"date": "1996", "age": 32, "sport": "Equestrianism"}, {"date": "1972", "age": 36, "sport": "Equestrianism"}, {"date": "2008", "age": 30, "sport": "Equestrianism"}, {"date": "2012", "age": 39, "sport": "Equestrianism"}, {"date": "2008", "age": 42, "sport": "Equestrianism"}, {"date": "2000", "age": 37, "sport": "Equestrianism"}, {"date": "2004", "age": 43, "sport": "Equestrianism"}, {"date": "2016", "age": 34, "sport": "Equestrianism"}, {"date": "1960", "age": 28, "sport": "Equestrianism"}, {"date": "1972", "age": 35, "sport": "Equestrianism"}, {"date": "1952", "age": 35, "sport": "Equestrianism"}, {"date": "1964", "age": 41, "sport": "Equestrianism"}, {"date": "1988", "age": 32, "sport": "Equestrianism"}, {"date": "1968", "age": 50, "sport": "Equestrianism"}, {"date": "2000", "age": 46, "sport": "Equestrianism"}, {"date": "2012", "age": 30, "sport": "Equestrianism"}, {"date": "2004", "age": 28, "sport": "Equestrianism"}, {"date": "2016", "age": 34, "sport": "Equestrianism"}, {"date": "1984", "age": 44, "sport": "Equestrianism"}, {"date": "1956", "age": 21, "sport": "Equestrianism"}, {"date": "1992", "age": 41, "sport": "Equestrianism"}, {"date": "1976", "age": 36, "sport": "Equestrianism"}, {"date": "1948", "age": 37, "sport": "Equestrianism"}, {"date": "2016", "age": 36, "sport": "Equestrianism"}, {"date": "1992", "age": 32, "sport": "Equestrianism"}, {"date": "1976", "age": 30, "sport": "Equestrianism"}, {"date": "1992", "age": 31, "sport": "Equestrianism"}, {"date": "1976", "age": 26, "sport": "Equestrianism"}, {"date": "2004", "age": 29, "sport": "Equestrianism"}, {"date": "1984", "age": 29, "sport": "Equestrianism"}, {"date": "1976", "age": 49, "sport": "Equestrianism"}, {"date": "2004", "age": 32, "sport": "Equestrianism"}, {"date": "1964", "age": 41, "sport": "Equestrianism"}, {"date": "1960", "age": 34, "sport": "Equestrianism"}, {"date": "1952", "age": 43, "sport": "Equestrianism"}, {"date": "1964", "age": 46, "sport": "Equestrianism"}, {"date": "2016", "age": 40, "sport": "Equestrianism"}, {"date": "1952", "age": 36, "sport": "Equestrianism"}, {"date": "1992", "age": 36, "sport": "Equestrianism"}, {"date": "1976", "age": 40, "sport": "Equestrianism"}, {"date": "1988", "age": 24, "sport": "Equestrianism"}, {"date": "1948", "age": 41, "sport": "Equestrianism"}, {"date": "1964", "age": 34, "sport": "Equestrianism"}, {"date": "1980", "age": 34, "sport": "Equestrianism"}, {"date": "1956", "age": 31, "sport": "Equestrianism"}, {"date": "2004", "age": 30, "sport": "Equestrianism"}, {"date": "2012", "age": 33, "sport": "Equestrianism"}, {"date": "1984", "age": 30, "sport": "Equestrianism"}, {"date": "2012", "age": 24, "sport": "Equestrianism"}, {"date": "1956", "age": 31, "sport": "Equestrianism"}, {"date": "1956", "age": 31, "sport": "Equestrianism"}, {"date": "2008", "age": 40, "sport": "Equestrianism"}, {"date": "2012", "age": 37, "sport": "Equestrianism"}, {"date": "1996", "age": 42, "sport": "Equestrianism"}, {"date": "2008", "age": 40, "sport": "Equestrianism"}, {"date": "1996", "age": 45, "sport": "Equestrianism"}, {"date": "1980", "age": 23, "sport": "Equestrianism"}, {"date": "1952", "age": 21, "sport": "Equestrianism"}, {"date": "1964", "age": 52, "sport": "Equestrianism"}, {"date": "1992", "age": 41, "sport": "Equestrianism"}, {"date": "1996", "age": 40, "sport": "Equestrianism"}, {"date": "2008", "age": 47, "sport": "Equestrianism"}, {"date": "1964", "age": 38, "sport": "Equestrianism"}, {"date": "1972", "age": 46, "sport": "Equestrianism"}, {"date": "1992", "age": 49, "sport": "Equestrianism"}, {"date": "2012", "age": 52, "sport": "Equestrianism"}, {"date": "1984", "age": 27, "sport": "Equestrianism"}, {"date": "1948", "age": 27, "sport": "Equestrianism"}, {"date": "1968", "age": 25, "sport": "Equestrianism"}, {"date": "1976", "age": 20, "sport": "Equestrianism"}, {"date": "1976", "age": 36, "sport": "Equestrianism"}, {"date": "2016", "age": 27, "sport": "Equestrianism"}, {"date": "1948", "age": 53, "sport": "Equestrianism"}, {"date": "1988", "age": 29, "sport": "Equestrianism"}, {"date": "1972", "age": 27, "sport": "Equestrianism"}, {"date": "1952", "age": 30, "sport": "Equestrianism"}, {"date": "1996", "age": 32, "sport": "Equestrianism"}, {"date": "1988", "age": 51, "sport": "Equestrianism"}, {"date": "1948", "age": 46, "sport": "Equestrianism"}, {"date": "2000", "age": 30, "sport": "Equestrianism"}, {"date": "1976", "age": 31, "sport": "Equestrianism"}, {"date": "1980", "age": 38, "sport": "Equestrianism"}, {"date": "1996", "age": 38, "sport": "Equestrianism"}, {"date": "1984", "age": 33, "sport": "Equestrianism"}, {"date": "2004", "age": 39, "sport": "Equestrianism"}, {"date": "2008", "age": 32, "sport": "Equestrianism"}, {"date": "1960", "age": 41, "sport": "Equestrianism"}, {"date": "1984", "age": 46, "sport": "Equestrianism"}, {"date": "1992", "age": 31, "sport": "Equestrianism"}, {"date": "1964", "age": 28, "sport": "Equestrianism"}, {"date": "1960", "age": 36, "sport": "Equestrianism"}, {"date": "2016", "age": 42, "sport": "Equestrianism"}, {"date": "1988", "age": 24, "sport": "Equestrianism"}, {"date": "2008", "age": 39, "sport": "Equestrianism"}, {"date": "1992", "age": 35, "sport": "Equestrianism"}, {"date": "1984", "age": 33, "sport": "Equestrianism"}, {"date": "1972", "age": 26, "sport": "Equestrianism"}, {"date": "2000", "age": 37, "sport": "Equestrianism"}, {"date": "2012", "age": 44, "sport": "Equestrianism"}, {"date": "1988", "age": 25, "sport": "Equestrianism"}, {"date": "1984", "age": 24, "sport": "Equestrianism"}, {"date": "1984", "age": 21, "sport": "Equestrianism"}, {"date": "1952", "age": 48, "sport": "Equestrianism"}, {"date": "1956", "age": 27, "sport": "Equestrianism"}, {"date": "1984", "age": 30, "sport": "Equestrianism"}, {"date": "1988", "age": 52, "sport": "Equestrianism"}, {"date": "1988", "age": 28, "sport": "Equestrianism"}, {"date": "1964", "age": 19, "sport": "Equestrianism"}, {"date": "1984", "age": 40, "sport": "Equestrianism"}, {"date": "1960", "age": 23, "sport": "Equestrianism"}, {"date": "1952", "age": 33, "sport": "Equestrianism"}, {"date": "1976", "age": 43, "sport": "Equestrianism"}, {"date": "1972", "age": 46, "sport": "Equestrianism"}, {"date": "2000", "age": 44, "sport": "Equestrianism"}, {"date": "2016", "age": 52, "sport": "Equestrianism"}, {"date": "2004", "age": 49, "sport": "Equestrianism"}, {"date": "2016", "age": 53, "sport": "Equestrianism"}, {"date": "1948", "age": 44, "sport": "Equestrianism"}, {"date": "1980", "age": 21, "sport": "Equestrianism"}, {"date": "2012", "age": 25, "sport": "Equestrianism"}, {"date": "2016", "age": 52, "sport": "Equestrianism"}, {"date": "1992", "age": 28, "sport": "Equestrianism"}, {"date": "1988", "age": 39, "sport": "Equestrianism"}, {"date": "2004", "age": 39, "sport": "Equestrianism"}, {"date": "1960", "age": 45, "sport": "Equestrianism"}, {"date": "1956", "age": 26, "sport": "Equestrianism"}, {"date": "1968", "age": 30, "sport": "Equestrianism"}, {"date": "1960", "age": 29, "sport": "Equestrianism"}, {"date": "1956", "age": 31, "sport": "Equestrianism"}, {"date": "2008", "age": 32, "sport": "Equestrianism"}, {"date": "2004", "age": 30, "sport": "Equestrianism"}, {"date": "1988", "age": 30, "sport": "Equestrianism"}, {"date": "1988", "age": 31, "sport": "Equestrianism"}, {"date": "2000", "age": 42, "sport": "Equestrianism"}, {"date": "1988", "age": 26, "sport": "Equestrianism"}, {"date": "1968", "age": 40, "sport": "Equestrianism"}, {"date": "1968", "age": 23, "sport": "Equestrianism"}, {"date": "2016", "age": 21, "sport": "Equestrianism"}, {"date": "1992", "age": 30, "sport": "Equestrianism"}, {"date": "1992", "age": 36, "sport": "Equestrianism"}, {"date": "1984", "age": 37, "sport": "Equestrianism"}, {"date": "1972", "age": 33, "sport": "Equestrianism"}, {"date": "2016", "age": 31, "sport": "Equestrianism"}, {"date": "1996", "age": 27, "sport": "Equestrianism"}, {"date": "1968", "age": 22, "sport": "Equestrianism"}, {"date": "1964", "age": 26, "sport": "Equestrianism"}, {"date": "1948", "age": 35, "sport": "Equestrianism"}, {"date": "1976", "age": 43, "sport": "Equestrianism"}, {"date": "1964", "age": 25, "sport": "Equestrianism"}, {"date": "1980", "age": 28, "sport": "Equestrianism"}, {"date": "1972", "age": 46, "sport": "Equestrianism"}, {"date": "1996", "age": 21, "sport": "Equestrianism"}, {"date": "1960", "age": 48, "sport": "Equestrianism"}, {"date": "1964", "age": 33, "sport": "Equestrianism"}, {"date": "1992", "age": 43, "sport": "Equestrianism"}, {"date": "1948", "age": 47, "sport": "Equestrianism"}, {"date": "1992", "age": 39, "sport": "Equestrianism"}, {"date": "2016", "age": 43, "sport": "Equestrianism"}, {"date": "1972", "age": 22, "sport": "Equestrianism"}, {"date": "1980", "age": 29, "sport": "Equestrianism"}, {"date": "2012", "age": 33, "sport": "Equestrianism"}, {"date": "1980", "age": 32, "sport": "Equestrianism"}, {"date": "1968", "age": 41, "sport": "Equestrianism"}, {"date": "1976", "age": 38, "sport": "Equestrianism"}, {"date": "2012", "age": 29, "sport": "Equestrianism"}, {"date": "2012", "age": 29, "sport": "Equestrianism"}, {"date": "1980", "age": 37, "sport": "Equestrianism"}, {"date": "1984", "age": 25, "sport": "Equestrianism"}, {"date": "1996", "age": 46, "sport": "Equestrianism"}, {"date": "2000", "age": 25, "sport": "Equestrianism"}, {"date": "1976", "age": 33, "sport": "Equestrianism"}, {"date": "1980", "age": 32, "sport": "Equestrianism"}, {"date": "1968", "age": 26, "sport": "Equestrianism"}, {"date": "1948", "age": 33, "sport": "Equestrianism"}, {"date": "1972", "age": 32, "sport": "Equestrianism"}, {"date": "1952", "age": 44, "sport": "Equestrianism"}, {"date": "1956", "age": 26, "sport": "Equestrianism"}, {"date": "1948", "age": 35, "sport": "Equestrianism"}, {"date": "1996", "age": 21, "sport": "Equestrianism"}, {"date": "2012", "age": 42, "sport": "Equestrianism"}, {"date": "1964", "age": 27, "sport": "Equestrianism"}, {"date": "1996", "age": 28, "sport": "Equestrianism"}, {"date": "2004", "age": 37, "sport": "Equestrianism"}, {"date": "1992", "age": 24, "sport": "Equestrianism"}, {"date": "1980", "age": 50, "sport": "Equestrianism"}, {"date": "2012", "age": 31, "sport": "Equestrianism"}, {"date": "1996", "age": 30, "sport": "Equestrianism"}, {"date": "1964", "age": 21, "sport": "Equestrianism"}, {"date": "1952", "age": 26, "sport": "Equestrianism"}, {"date": "1964", "age": 22, "sport": "Equestrianism"}, {"date": "1980", "age": 49, "sport": "Equestrianism"}, {"date": "1992", "age": 49, "sport": "Equestrianism"}, {"date": "2012", "age": 29, "sport": "Equestrianism"}, {"date": "1952", "age": 43, "sport": "Equestrianism"}, {"date": "2012", "age": 30, "sport": "Equestrianism"}, {"date": "1992", "age": 47, "sport": "Equestrianism"}, {"date": "1992", "age": 34, "sport": "Equestrianism"}, {"date": "1956", "age": 45, "sport": "Equestrianism"}, {"date": "1964", "age": 27, "sport": "Equestrianism"}, {"date": "1960", "age": 28, "sport": "Equestrianism"}, {"date": "1972", "age": 34, "sport": "Equestrianism"}, {"date": "1992", "age": 31, "sport": "Equestrianism"}, {"date": "2012", "age": 44, "sport": "Equestrianism"}, {"date": "2000", "age": 31, "sport": "Equestrianism"}, {"date": "1964", "age": 21, "sport": "Equestrianism"}, {"date": "1992", "age": 49, "sport": "Equestrianism"}, {"date": "1984", "age": 46, "sport": "Equestrianism"}, {"date": "1976", "age": 32, "sport": "Equestrianism"}, {"date": "1976", "age": 29, "sport": "Equestrianism"}, {"date": "1968", "age": 34, "sport": "Equestrianism"}, {"date": "2008", "age": 45, "sport": "Equestrianism"}, {"date": "1984", "age": 27, "sport": "Equestrianism"}, {"date": "1948", "age": 42, "sport": "Equestrianism"}, {"date": "1968", "age": 53, "sport": "Equestrianism"}, {"date": "1984", "age": 32, "sport": "Equestrianism"}, {"date": "2012", "age": 31, "sport": "Equestrianism"}, {"date": "1996", "age": 38, "sport": "Equestrianism"}, {"date": "2012", "age": 27, "sport": "Equestrianism"}, {"date": "1988", "age": 34, "sport": "Equestrianism"}, {"date": "1976", "age": 32, "sport": "Equestrianism"}, {"date": "1988", "age": 29, "sport": "Equestrianism"}, {"date": "2012", "age": 40, "sport": "Equestrianism"}, {"date": "1992", "age": 31, "sport": "Equestrianism"}, {"date": "1956", "age": 33, "sport": "Equestrianism"}, {"date": "2000", "age": 37, "sport": "Equestrianism"}, {"date": "2016", "age": 29, "sport": "Equestrianism"}, {"date": "2016", "age": 44, "sport": "Equestrianism"}, {"date": "1984", "age": 39, "sport": "Equestrianism"}, {"date": "1952", "age": 31, "sport": "Equestrianism"}, {"date": "1996", "age": 27, "sport": "Equestrianism"}, {"date": "2008", "age": 40, "sport": "Equestrianism"}, {"date": "2008", "age": 36, "sport": "Equestrianism"}, {"date": "1956", "age": 52, "sport": "Equestrianism"}, {"date": "1968", "age": 43, "sport": "Equestrianism"}, {"date": "2000", "age": 35, "sport": "Equestrianism"}, {"date": "2004", "age": 44, "sport": "Equestrianism"}, {"date": "2004", "age": 44, "sport": "Equestrianism"}, {"date": "1960", "age": 37, "sport": "Equestrianism"}, {"date": "2008", "age": 46, "sport": "Equestrianism"}, {"date": "1952", "age": 44, "sport": "Equestrianism"}, {"date": "1968", "age": 27, "sport": "Equestrianism"}, {"date": "2000", "age": 31, "sport": "Equestrianism"}, {"date": "2012", "age": 32, "sport": "Equestrianism"}, {"date": "1960", "age": 38, "sport": "Equestrianism"}, {"date": "1976", "age": 33, "sport": "Equestrianism"}, {"date": "2008", "age": 45, "sport": "Equestrianism"}, {"date": "2012", "age": 54, "sport": "Equestrianism"}, {"date": "2004", "age": 35, "sport": "Equestrianism"}, {"date": "2016", "age": 46, "sport": "Equestrianism"}, {"date": "2008", "age": 37, "sport": "Equestrianism"}, {"date": "2008", "age": 40, "sport": "Equestrianism"}, {"date": "1964", "age": 27, "sport": "Equestrianism"}, {"date": "1968", "age": 35, "sport": "Equestrianism"}, {"date": "1964", "age": 39, "sport": "Equestrianism"}, {"date": "2012", "age": 41, "sport": "Equestrianism"}, {"date": "1996", "age": 32, "sport": "Equestrianism"}, {"date": "1976", "age": 39, "sport": "Equestrianism"}, {"date": "1960", "age": 44, "sport": "Equestrianism"}, {"date": "2004", "age": 38, "sport": "Equestrianism"}, {"date": "1996", "age": 23, "sport": "Equestrianism"}, {"date": "1992", "age": 24, "sport": "Equestrianism"}, {"date": "1984", "age": 28, "sport": "Equestrianism"}, {"date": "1980", "age": 28, "sport": "Equestrianism"}, {"date": "2012", "age": 41, "sport": "Equestrianism"}, {"date": "1948", "age": 35, "sport": "Equestrianism"}, {"date": "1980", "age": 27, "sport": "Equestrianism"}, {"date": "1992", "age": 29, "sport": "Equestrianism"}, {"date": "2000", "age": 39, "sport": "Equestrianism"}, {"date": "1948", "age": 28, "sport": "Equestrianism"}, {"date": "1976", "age": 37, "sport": "Equestrianism"}, {"date": "2008", "age": 40, "sport": "Equestrianism"}, {"date": "1948", "age": 29, "sport": "Equestrianism"}, {"date": "1952", "age": 50, "sport": "Equestrianism"}, {"date": "1956", "age": 29, "sport": "Equestrianism"}, {"date": "1996", "age": 28, "sport": "Equestrianism"}, {"date": "1948", "age": 39, "sport": "Equestrianism"}, {"date": "1948", "age": 45, "sport": "Equestrianism"}, {"date": "1980", "age": 38, "sport": "Equestrianism"}, {"date": "1980", "age": 33, "sport": "Equestrianism"}, {"date": "1948", "age": 50, "sport": "Equestrianism"}, {"date": "2000", "age": 47, "sport": "Equestrianism"}, {"date": "1972", "age": 23, "sport": "Equestrianism"}, {"date": "1980", "age": 24, "sport": "Equestrianism"}, {"date": "1992", "age": 36, "sport": "Equestrianism"}, {"date": "1960", "age": 42, "sport": "Equestrianism"}, {"date": "2016", "age": 47, "sport": "Equestrianism"}, {"date": "1976", "age": 43, "sport": "Equestrianism"}, {"date": "1948", "age": 37, "sport": "Equestrianism"}, {"date": "1964", "age": 37, "sport": "Equestrianism"}, {"date": "1972", "age": 32, "sport": "Equestrianism"}, {"date": "2012", "age": 51, "sport": "Equestrianism"}, {"date": "1996", "age": 31, "sport": "Equestrianism"}, {"date": "1984", "age": 34, "sport": "Equestrianism"}, {"date": "2008", "age": 46, "sport": "Equestrianism"}, {"date": "2004", "age": 35, "sport": "Equestrianism"}, {"date": "1964", "age": 24, "sport": "Equestrianism"}, {"date": "2008", "age": 49, "sport": "Equestrianism"}, {"date": "1956", "age": 46, "sport": "Equestrianism"}, {"date": "1952", "age": 19, "sport": "Equestrianism"}, {"date": "2000", "age": 35, "sport": "Equestrianism"}, {"date": "2000", "age": 32, "sport": "Equestrianism"}, {"date": "2012", "age": 42, "sport": "Equestrianism"}, {"date": "1988", "age": 30, "sport": "Equestrianism"}, {"date": "1952", "age": 29, "sport": "Equestrianism"}, {"date": "1980", "age": 44, "sport": "Equestrianism"}, {"date": "1956", "age": 34, "sport": "Equestrianism"}, {"date": "2016", "age": 47, "sport": "Equestrianism"}, {"date": "1948", "age": 39, "sport": "Equestrianism"}, {"date": "2000", "age": 38, "sport": "Equestrianism"}, {"date": "2016", "age": 32, "sport": "Equestrianism"}, {"date": "2012", "age": 43, "sport": "Equestrianism"}, {"date": "1996", "age": 33, "sport": "Equestrianism"}, {"date": "1952", "age": 31, "sport": "Equestrianism"}, {"date": "1948", "age": 28, "sport": "Equestrianism"}, {"date": "2012", "age": 25, "sport": "Equestrianism"}, {"date": "1964", "age": 26, "sport": "Equestrianism"}, {"date": "2000", "age": 41, "sport": "Equestrianism"}, {"date": "1956", "age": 35, "sport": "Equestrianism"}, {"date": "1956", "age": 37, "sport": "Equestrianism"}, {"date": "1956", "age": 22, "sport": "Equestrianism"}, {"date": "2000", "age": 41, "sport": "Equestrianism"}, {"date": "2016", "age": 49, "sport": "Equestrianism"}, {"date": "1952", "age": 40, "sport": "Equestrianism"}, {"date": "2016", "age": 43, "sport": "Equestrianism"}, {"date": "1996", "age": 39, "sport": "Equestrianism"}, {"date": "1980", "age": 30, "sport": "Equestrianism"}, {"date": "2016", "age": 51, "sport": "Equestrianism"}, {"date": "1972", "age": 30, "sport": "Equestrianism"}, {"date": "1948", "age": 39, "sport": "Equestrianism"}, {"date": "1968", "age": 31, "sport": "Equestrianism"}, {"date": "2000", "age": 47, "sport": "Equestrianism"}, {"date": "2012", "age": 51, "sport": "Equestrianism"}, {"date": "1988", "age": 41, "sport": "Equestrianism"}, {"date": "2004", "age": 36, "sport": "Equestrianism"}, {"date": "1964", "age": 26, "sport": "Equestrianism"}, {"date": "1988", "age": 34, "sport": "Equestrianism"}, {"date": "1952", "age": 33, "sport": "Equestrianism"}, {"date": "1992", "age": 40, "sport": "Equestrianism"}, {"date": "1952", "age": 34, "sport": "Equestrianism"}, {"date": "1948", "age": 34, "sport": "Equestrianism"}, {"date": "1996", "age": 37, "sport": "Equestrianism"}, {"date": "1996", "age": 34, "sport": "Equestrianism"}, {"date": "1996", "age": 45, "sport": "Equestrianism"}, {"date": "1976", "age": 31, "sport": "Equestrianism"}, {"date": "2008", "age": 46, "sport": "Equestrianism"}, {"date": "1984", "age": 26, "sport": "Equestrianism"}, {"date": "2008", "age": 34, "sport": "Equestrianism"}, {"date": "2008", "age": 42, "sport": "Equestrianism"}, {"date": "1976", "age": 37, "sport": "Equestrianism"}, {"date": "1976", "age": 46, "sport": "Equestrianism"}, {"date": "2012", "age": 50, "sport": "Equestrianism"}, {"date": "1964", "age": 34, "sport": "Equestrianism"}, {"date": "1956", "age": 25, "sport": "Equestrianism"}, {"date": "1984", "age": 34, "sport": "Equestrianism"}, {"date": "2000", "age": 29, "sport": "Equestrianism"}, {"date": "1968", "age": 35, "sport": "Equestrianism"}, {"date": "2008", "age": 39, "sport": "Equestrianism"}, {"date": "1988", "age": 24, "sport": "Equestrianism"}, {"date": "1996", "age": 37, "sport": "Equestrianism"}, {"date": "2016", "age": 36, "sport": "Equestrianism"}, {"date": "1996", "age": 35, "sport": "Equestrianism"}, {"date": "1976", "age": 27, "sport": "Equestrianism"}, {"date": "1968", "age": 28, "sport": "Equestrianism"}, {"date": "1968", "age": 41, "sport": "Equestrianism"}, {"date": "2000", "age": 37, "sport": "Equestrianism"}, {"date": "1996", "age": 34, "sport": "Equestrianism"}, {"date": "1952", "age": 18, "sport": "Equestrianism"}, {"date": "1956", "age": 42, "sport": "Equestrianism"}, {"date": "2004", "age": 39, "sport": "Equestrianism"}, {"date": "2004", "age": 29, "sport": "Equestrianism"}, {"date": "1984", "age": 21, "sport": "Equestrianism"}, {"date": "1968", "age": 52, "sport": "Equestrianism"}, {"date": "2012", "age": 27, "sport": "Equestrianism"}, {"date": "1972", "age": 49, "sport": "Equestrianism"}, {"date": "2008", "age": 31, "sport": "Equestrianism"}, {"date": "2004", "age": 43, "sport": "Equestrianism"}, {"date": "1976", "age": 43, "sport": "Equestrianism"}, {"date": "2008", "age": 26, "sport": "Equestrianism"}, {"date": "1956", "age": 29, "sport": "Equestrianism"}, {"date": "1972", "age": 22, "sport": "Equestrianism"}, {"date": "1996", "age": 35, "sport": "Equestrianism"}, {"date": "1988", "age": 33, "sport": "Equestrianism"}, {"date": "2000", "age": 43, "sport": "Equestrianism"}, {"date": "1988", "age": 40, "sport": "Equestrianism"}, {"date": "1976", "age": 40, "sport": "Equestrianism"}, {"date": "2000", "age": 44, "sport": "Equestrianism"}, {"date": "2008", "age": 29, "sport": "Equestrianism"}, {"date": "1948", "age": 38, "sport": "Equestrianism"}, {"date": "1968", "age": 23, "sport": "Equestrianism"}, {"date": "2012", "age": 43, "sport": "Equestrianism"}, {"date": "2004", "age": 32, "sport": "Equestrianism"}, {"date": "1968", "age": 39, "sport": "Equestrianism"}, {"date": "2000", "age": 44, "sport": "Equestrianism"}, {"date": "1956", "age": 54, "sport": "Equestrianism"}, {"date": "2016", "age": 35, "sport": "Equestrianism"}, {"date": "2012", "age": 42, "sport": "Equestrianism"}, {"date": "1960", "age": 23, "sport": "Equestrianism"}, {"date": "1956", "age": 52, "sport": "Equestrianism"}, {"date": "1996", "age": 33, "sport": "Equestrianism"}, {"date": "1988", "age": 30, "sport": "Equestrianism"}, {"date": "1996", "age": 45, "sport": "Equestrianism"}, {"date": "2000", "age": 43, "sport": "Equestrianism"}, {"date": "1984", "age": 30, "sport": "Equestrianism"}, {"date": "1968", "age": 22, "sport": "Equestrianism"}, {"date": "1964", "age": 44, "sport": "Equestrianism"}, {"date": "1996", "age": 28, "sport": "Equestrianism"}, {"date": "1960", "age": 37, "sport": "Equestrianism"}, {"date": "1992", "age": 52, "sport": "Equestrianism"}, {"date": "1960", "age": 30, "sport": "Equestrianism"}, {"date": "1968", "age": 54, "sport": "Equestrianism"}, {"date": "1972", "age": 32, "sport": "Equestrianism"}, {"date": "1992", "age": 36, "sport": "Equestrianism"}, {"date": "2000", "age": 42, "sport": "Equestrianism"}, {"date": "2012", "age": 34, "sport": "Equestrianism"}, {"date": "2004", "age": 45, "sport": "Equestrianism"}, {"date": "1956", "age": 26, "sport": "Equestrianism"}, {"date": "2016", "age": 51, "sport": "Equestrianism"}, {"date": "1976", "age": 23, "sport": "Equestrianism"}, {"date": "2016", "age": 28, "sport": "Equestrianism"}, {"date": "2008", "age": 31, "sport": "Equestrianism"}, {"date": "1972", "age": 24, "sport": "Equestrianism"}, {"date": "1972", "age": 31, "sport": "Equestrianism"}, {"date": "1992", "age": 33, "sport": "Equestrianism"}, {"date": "2004", "age": 29, "sport": "Equestrianism"}, {"date": "2004", "age": 34, "sport": "Equestrianism"}, {"date": "1952", "age": 41, "sport": "Equestrianism"}, {"date": "2004", "age": 42, "sport": "Equestrianism"}, {"date": "1992", "age": 35, "sport": "Equestrianism"}, {"date": "1968", "age": 32, "sport": "Equestrianism"}, {"date": "1984", "age": 21, "sport": "Equestrianism"}, {"date": "1956", "age": 35, "sport": "Equestrianism"}, {"date": "1976", "age": 25, "sport": "Equestrianism"}, {"date": "2008", "age": 42, "sport": "Equestrianism"}, {"date": "1952", "age": 36, "sport": "Equestrianism"}, {"date": "2016", "age": 40, "sport": "Equestrianism"}, {"date": "1976", "age": 31, "sport": "Equestrianism"}, {"date": "1980", "age": 30, "sport": "Equestrianism"}, {"date": "1984", "age": 40, "sport": "Equestrianism"}, {"date": "2016", "age": 23, "sport": "Equestrianism"}, {"date": "1984", "age": 34, "sport": "Equestrianism"}, {"date": "1992", "age": 28, "sport": "Equestrianism"}, {"date": "1968", "age": 20, "sport": "Equestrianism"}, {"date": "1948", "age": 47, "sport": "Equestrianism"}, {"date": "1960", "age": 34, "sport": "Equestrianism"}, {"date": "1980", "age": 35, "sport": "Equestrianism"}, {"date": "1968", "age": 32, "sport": "Equestrianism"}, {"date": "1984", "age": 36, "sport": "Equestrianism"}, {"date": "1972", "age": 28, "sport": "Equestrianism"}, {"date": "2004", "age": 50, "sport": "Equestrianism"}, {"date": "2004", "age": 39, "sport": "Equestrianism"}, {"date": "1992", "age": 35, "sport": "Equestrianism"}, {"date": "2008", "age": 35, "sport": "Equestrianism"}, {"date": "1960", "age": 35, "sport": "Equestrianism"}, {"date": "1952", "age": 27, "sport": "Equestrianism"}, {"date": "1952", "age": 32, "sport": "Equestrianism"}, {"date": "1996", "age": 23, "sport": "Equestrianism"}, {"date": "2000", "age": 27, "sport": "Equestrianism"}, {"date": "1948", "age": 38, "sport": "Equestrianism"}, {"date": "1984", "age": 32, "sport": "Equestrianism"}, {"date": "2004", "age": 40, "sport": "Equestrianism"}, {"date": "2004", "age": 45, "sport": "Equestrianism"}, {"date": "2012", "age": 28, "sport": "Equestrianism"}, {"date": "1996", "age": 38, "sport": "Equestrianism"}, {"date": "2000", "age": 26, "sport": "Equestrianism"}, {"date": "2012", "age": 27, "sport": "Equestrianism"}, {"date": "1956", "age": 40, "sport": "Equestrianism"}, {"date": "1988", "age": 33, "sport": "Equestrianism"}, {"date": "1964", "age": 34, "sport": "Equestrianism"}, {"date": "2008", "age": 45, "sport": "Equestrianism"}, {"date": "1984", "age": 28, "sport": "Equestrianism"}, {"date": "1952", "age": 48, "sport": "Equestrianism"}, {"date": "2000", "age": 41, "sport": "Equestrianism"}, {"date": "2004", "age": 40, "sport": "Equestrianism"}, {"date": "1984", "age": 36, "sport": "Equestrianism"}, {"date": "2000", "age": 27, "sport": "Equestrianism"}, {"date": "2012", "age": 26, "sport": "Equestrianism"}, {"date": "2016", "age": 40, "sport": "Equestrianism"}, {"date": "1980", "age": 43, "sport": "Equestrianism"}, {"date": "2008", "age": 44, "sport": "Equestrianism"}, {"date": "2004", "age": 45, "sport": "Equestrianism"}, {"date": "2016", "age": 50, "sport": "Equestrianism"}, {"date": "2012", "age": 35, "sport": "Equestrianism"}, {"date": "1976", "age": 21, "sport": "Equestrianism"}, {"date": "2004", "age": 30, "sport": "Equestrianism"}, {"date": "1952", "age": 35, "sport": "Equestrianism"}, {"date": "2008", "age": 33, "sport": "Equestrianism"}, {"date": "1960", "age": 22, "sport": "Equestrianism"}, {"date": "1988", "age": 36, "sport": "Equestrianism"}, {"date": "2008", "age": 43, "sport": "Equestrianism"}, {"date": "1996", "age": 34, "sport": "Equestrianism"}, {"date": "2016", "age": 48, "sport": "Equestrianism"}, {"date": "1948", "age": 35, "sport": "Equestrianism"}, {"date": "1988", "age": 39, "sport": "Equestrianism"}, {"date": "1988", "age": 25, "sport": "Equestrianism"}, {"date": "1956", "age": 38, "sport": "Equestrianism"}, {"date": "2016", "age": 29, "sport": "Equestrianism"}, {"date": "1960", "age": 47, "sport": "Equestrianism"}, {"date": "2016", "age": 44, "sport": "Equestrianism"}, {"date": "1980", "age": 39, "sport": "Equestrianism"}, {"date": "1980", "age": 25, "sport": "Equestrianism"}, {"date": "1980", "age": 24, "sport": "Equestrianism"}, {"date": "1984", "age": 48, "sport": "Equestrianism"}, {"date": "1972", "age": 44, "sport": "Equestrianism"}, {"date": "2016", "age": 35, "sport": "Equestrianism"}, {"date": "1988", "age": 33, "sport": "Equestrianism"}, {"date": "1984", "age": 45, "sport": "Equestrianism"}, {"date": "1952", "age": 34, "sport": "Equestrianism"}, {"date": "1972", "age": 34, "sport": "Equestrianism"}, {"date": "2004", "age": 48, "sport": "Equestrianism"}, {"date": "1988", "age": 32, "sport": "Equestrianism"}, {"date": "1996", "age": 42, "sport": "Equestrianism"}, {"date": "1972", "age": 27, "sport": "Equestrianism"}, {"date": "1992", "age": 32, "sport": "Equestrianism"}, {"date": "2012", "age": 45, "sport": "Equestrianism"}, {"date": "2004", "age": 46, "sport": "Equestrianism"}, {"date": "2016", "age": 27, "sport": "Equestrianism"}, {"date": "2000", "age": 36, "sport": "Equestrianism"}, {"date": "1984", "age": 21, "sport": "Equestrianism"}, {"date": "1988", "age": 38, "sport": "Equestrianism"}, {"date": "1968", "age": 20, "sport": "Equestrianism"}, {"date": "1972", "age": 31, "sport": "Equestrianism"}, {"date": "1984", "age": 29, "sport": "Equestrianism"}, {"date": "1992", "age": 34, "sport": "Equestrianism"}, {"date": "2004", "age": 37, "sport": "Equestrianism"}, {"date": "1992", "age": 33, "sport": "Equestrianism"}, {"date": "1956", "age": 48, "sport": "Equestrianism"}, {"date": "2000", "age": 36, "sport": "Equestrianism"}, {"date": "1964", "age": 38, "sport": "Equestrianism"}, {"date": "1952", "age": 39, "sport": "Equestrianism"}, {"date": "1964", "age": 27, "sport": "Equestrianism"}, {"date": "1972", "age": 40, "sport": "Equestrianism"}, {"date": "1968", "age": 21, "sport": "Equestrianism"}, {"date": "2000", "age": 42, "sport": "Equestrianism"}, {"date": "1980", "age": 28, "sport": "Equestrianism"}, {"date": "1980", "age": 29, "sport": "Equestrianism"}, {"date": "1996", "age": 26, "sport": "Equestrianism"}, {"date": "2016", "age": 29, "sport": "Equestrianism"}, {"date": "1992", "age": 29, "sport": "Equestrianism"}, {"date": "2016", "age": 34, "sport": "Equestrianism"}, {"date": "1980", "age": 40, "sport": "Equestrianism"}, {"date": "1960", "age": 34, "sport": "Equestrianism"}, {"date": "1972", "age": 33, "sport": "Equestrianism"}, {"date": "1992", "age": 23, "sport": "Equestrianism"}, {"date": "1976", "age": 21, "sport": "Equestrianism"}, {"date": "2008", "age": 34, "sport": "Equestrianism"}, {"date": "1972", "age": 35, "sport": "Equestrianism"}, {"date": "1980", "age": 21, "sport": "Equestrianism"}, {"date": "1988", "age": 42, "sport": "Equestrianism"}, {"date": "1992", "age": 41, "sport": "Equestrianism"}, {"date": "1976", "age": 38, "sport": "Equestrianism"}, {"date": "1988", "age": 21, "sport": "Equestrianism"}, {"date": "1996", "age": 40, "sport": "Equestrianism"}, {"date": "1972", "age": 35, "sport": "Equestrianism"}, {"date": "1968", "age": 42, "sport": "Equestrianism"}, {"date": "1980", "age": 39, "sport": "Equestrianism"}, {"date": "1984", "age": 40, "sport": "Equestrianism"}, {"date": "1960", "age": 20, "sport": "Equestrianism"}, {"date": "1972", "age": 45, "sport": "Equestrianism"}, {"date": "1948", "age": 35, "sport": "Equestrianism"}, {"date": "1988", "age": 32, "sport": "Equestrianism"}, {"date": "2008", "age": 30, "sport": "Equestrianism"}, {"date": "1996", "age": 35, "sport": "Equestrianism"}, {"date": "2004", "age": 31, "sport": "Equestrianism"}, {"date": "2000", "age": 45, "sport": "Equestrianism"}, {"date": "2008", "age": 47, "sport": "Equestrianism"}, {"date": "1988", "age": 25, "sport": "Equestrianism"}, {"date": "1988", "age": 28, "sport": "Equestrianism"}, {"date": "1972", "age": 34, "sport": "Equestrianism"}, {"date": "1972", "age": 31, "sport": "Equestrianism"}, {"date": "1968", "age": 28, "sport": "Equestrianism"}, {"date": "2004", "age": 33, "sport": "Equestrianism"}, {"date": "1980", "age": 26, "sport": "Equestrianism"}, {"date": "1988", "age": 44, "sport": "Equestrianism"}, {"date": "2000", "age": 35, "sport": "Equestrianism"}, {"date": "2004", "age": 42, "sport": "Equestrianism"}, {"date": "1956", "age": 29, "sport": "Equestrianism"}, {"date": "2004", "age": 24, "sport": "Equestrianism"}, {"date": "1988", "age": 32, "sport": "Equestrianism"}, {"date": "1972", "age": 44, "sport": "Equestrianism"}, {"date": "1964", "age": 48, "sport": "Equestrianism"}, {"date": "1980", "age": 37, "sport": "Equestrianism"}, {"date": "1964", "age": 25, "sport": "Equestrianism"}, {"date": "2008", "age": 40, "sport": "Equestrianism"}, {"date": "2000", "age": 26, "sport": "Equestrianism"}, {"date": "1960", "age": 45, "sport": "Equestrianism"}, {"date": "1952", "age": 44, "sport": "Equestrianism"}, {"date": "1980", "age": 28, "sport": "Equestrianism"}, {"date": "2000", "age": 27, "sport": "Equestrianism"}, {"date": "1988", "age": 43, "sport": "Equestrianism"}, {"date": "1992", "age": 33, "sport": "Equestrianism"}, {"date": "1980", "age": 39, "sport": "Equestrianism"}, {"date": "1976", "age": 29, "sport": "Equestrianism"}, {"date": "1984", "age": 47, "sport": "Equestrianism"}, {"date": "1972", "age": 47, "sport": "Equestrianism"}, {"date": "2004", "age": 46, "sport": "Equestrianism"}, {"date": "1960", "age": 33, "sport": "Equestrianism"}, {"date": "1996", "age": 37, "sport": "Equestrianism"}, {"date": "1948", "age": 40, "sport": "Equestrianism"}, {"date": "1968", "age": 29, "sport": "Equestrianism"}, {"date": "2000", "age": 31, "sport": "Equestrianism"}, {"date": "1976", "age": 19, "sport": "Equestrianism"}, {"date": "1968", "age": 48, "sport": "Equestrianism"}, {"date": "1960", "age": 43, "sport": "Equestrianism"}, {"date": "2016", "age": 52, "sport": "Equestrianism"}, {"date": "1968", "age": 31, "sport": "Equestrianism"}, {"date": "1988", "age": 24, "sport": "Equestrianism"}]